Id,Label,timeset
FA4AAC084483DAA4BBD458A4B0C956B3C3D79EB5Expert+,FA4AAC084483DAA4BBD458A4B0C956B3C3D79EB5Expert+,
F9AC70B21601632404DE719896FC7A692F5CF617Expert+,F9AC70B21601632404DE719896FC7A692F5CF617Expert+,
F7FC9D344C177AAA0D082D66FFA50B383057F56BExpert+,F7FC9D344C177AAA0D082D66FFA50B383057F56BExpert+,
F7C0F9BEA4A961AAF1E1929F48174606E59692A9Expert+,F7C0F9BEA4A961AAF1E1929F48174606E59692A9Expert+,
F53B115D35C581FDA4EC13360F7957D6808703D8Expert+,F53B115D35C581FDA4EC13360F7957D6808703D8Expert+,
F51C6F95749DFB718A21128A4DD918AA65A38E57Expert,F51C6F95749DFB718A21128A4DD918AA65A38E57Expert,
F102C77F848203C7A5F472B96B177A13CD09B886Expert+,F102C77F848203C7A5F472B96B177A13CD09B886Expert+,
EFEA6AE55423520B4E5D8FF79544AF4D9D481962Expert+,EFEA6AE55423520B4E5D8FF79544AF4D9D481962Expert+,
EF2A01516FE6E6092165FCBB789214973A0DFE23Expert+,EF2A01516FE6E6092165FCBB789214973A0DFE23Expert+,
EE633AFFC8484962A32E9D215DE125804CA6427BExpert+,EE633AFFC8484962A32E9D215DE125804CA6427BExpert+,
EBB91D7AFD6EEDEC01D245A305693CB8AA60121DExpert+,EBB91D7AFD6EEDEC01D245A305693CB8AA60121DExpert+,
EB19A1155094C0A34FAF1D729F5C74E25FE7FE5BExpert,EB19A1155094C0A34FAF1D729F5C74E25FE7FE5BExpert,
EB19A1155094C0A34FAF1D729F5C74E25FE7FE5BExpert+,EB19A1155094C0A34FAF1D729F5C74E25FE7FE5BExpert+,
EA55E256AE89AE72A60763CEB5379560B962773BExpert+,EA55E256AE89AE72A60763CEB5379560B962773BExpert+,
EA303F41EE17E731718F4C3C10BDBE9AE60F2D9AExpert+,EA303F41EE17E731718F4C3C10BDBE9AE60F2D9AExpert+,
E774B798DA2258D2FE017E84B79B9AD3A86162B9Expert+,E774B798DA2258D2FE017E84B79B9AD3A86162B9Expert+,
E61A906E9508A49DC12DA21D6BDE3A094D4F3110Expert+,E61A906E9508A49DC12DA21D6BDE3A094D4F3110Expert+,
E5D18576630941A62F199C1CBAB3CA4F869A7416Expert+,E5D18576630941A62F199C1CBAB3CA4F869A7416Expert+,
DF1ED601C950F08221BDF4ED90F84E40ABEA0DDEExpert+,DF1ED601C950F08221BDF4ED90F84E40ABEA0DDEExpert+,
D5C239EC62143ADD0053857B78165FD6E4B387F3Expert+,D5C239EC62143ADD0053857B78165FD6E4B387F3Expert+,
D0B25B0B05C7B14C5EA55774D1F751705F360026Expert,D0B25B0B05C7B14C5EA55774D1F751705F360026Expert,
D01CEF83CC9C8B8EEA82DDD98EE2CE6B24BFDB03Expert,D01CEF83CC9C8B8EEA82DDD98EE2CE6B24BFDB03Expert,
CAB8CC7FDCCE43489DC65E275B8FCAE7444715B1Expert+,CAB8CC7FDCCE43489DC65E275B8FCAE7444715B1Expert+,
C6E1038A84CB5BB25A4FF849E81770DB6106C3D5Expert+,C6E1038A84CB5BB25A4FF849E81770DB6106C3D5Expert+,
C66C795AAE6E59C8A05B898015B5FA75A1BB6344Expert+,C66C795AAE6E59C8A05B898015B5FA75A1BB6344Expert+,
C60BD4CA608AAB8AA5E16804E30BDFAF3298CBAAExpert+,C60BD4CA608AAB8AA5E16804E30BDFAF3298CBAAExpert+,
BCD465BC14CD421901CEC7869800AB977918E091Expert+,BCD465BC14CD421901CEC7869800AB977918E091Expert+,
BBC011F70D104624EB40ACD3944C2FBFBB30E5B0Expert+,BBC011F70D104624EB40ACD3944C2FBFBB30E5B0Expert+,
B9BED84A127130BF80AFF18DB677EDD215CE0AB5Expert+,B9BED84A127130BF80AFF18DB677EDD215CE0AB5Expert+,
B94B33AED0F52CC54580396647B5B999E60583EBExpert+,B94B33AED0F52CC54580396647B5B999E60583EBExpert+,
B76F546A682122155BE11739438FCAE6CFE2C2CFExpert+,B76F546A682122155BE11739438FCAE6CFE2C2CFExpert+,
B713AE90A9CE8834B6B8BBCE65F27DDF7BBC51ABExpert+,B713AE90A9CE8834B6B8BBCE65F27DDF7BBC51ABExpert+,
B382B98737514C6D5D02DEBF02B67E0D1D566160Expert+,B382B98737514C6D5D02DEBF02B67E0D1D566160Expert+,
B2F0ACAA9AF76C8A0B84926D9E138520837236D1Expert+,B2F0ACAA9AF76C8A0B84926D9E138520837236D1Expert+,
AE0706E02F26C6B23164A5A4A814B6F704F6C84AExpert+,AE0706E02F26C6B23164A5A4A814B6F704F6C84AExpert+,
AD19FC9B673C3E1E7B8D2C73BCAF46EB90236D9DExpert+,AD19FC9B673C3E1E7B8D2C73BCAF46EB90236D9DExpert+,
AB3A401124C720BF01F1F8470A798B7BCFAD3A93Expert+,AB3A401124C720BF01F1F8470A798B7BCFAD3A93Expert+,
AAF0F0DC98C80F62F745F47FA82FFD37E4BD1044Expert+,AAF0F0DC98C80F62F745F47FA82FFD37E4BD1044Expert+,
AABB370D94A909AECACC7DE4AF92E9A05861820DExpert+,AABB370D94A909AECACC7DE4AF92E9A05861820DExpert+,
A9968D2D7979606F57E2988D44189DB7DE8CF0E4Expert+,A9968D2D7979606F57E2988D44189DB7DE8CF0E4Expert+,
A78B40D0C240A9DD9B39555B786F0A08B1FD0D1CExpert+,A78B40D0C240A9DD9B39555B786F0A08B1FD0D1CExpert+,
A6AA29DB342748CDADD70AB52D6D1BEA32C16DFCExpert+,A6AA29DB342748CDADD70AB52D6D1BEA32C16DFCExpert+,
A6984FBA66CB80E0D75EFDFC89E48BEE5DA79E93Expert+,A6984FBA66CB80E0D75EFDFC89E48BEE5DA79E93Expert+,
A52682E4986B7DBDE1589287A00B8F20F9745000Expert+,A52682E4986B7DBDE1589287A00B8F20F9745000Expert+,
A3BFE1A6CC95ADBA6F5541338264F40235F1D5F4Expert,A3BFE1A6CC95ADBA6F5541338264F40235F1D5F4Expert,
9CE21BB37CBEA55B54F3C19542CF78D02169273BExpert+,9CE21BB37CBEA55B54F3C19542CF78D02169273BExpert+,
9C7201C25290E8DE798770EAB374F0249B1BCEE5Expert+,9C7201C25290E8DE798770EAB374F0249B1BCEE5Expert+,
9BF202F68C333421C69CA6AA15C648D65D4A1E0FExpert+,9BF202F68C333421C69CA6AA15C648D65D4A1E0FExpert+,
9B6C79E80137F947F8A65F8070624436BCC8D5F9Expert+,9B6C79E80137F947F8A65F8070624436BCC8D5F9Expert+,
9A103C5389E8915F896198C2D8415654C30A6444Expert+,9A103C5389E8915F896198C2D8415654C30A6444Expert+,
97F3EC9CF48316CB1060CABA1029A0EEC0B402D4Expert+,97F3EC9CF48316CB1060CABA1029A0EEC0B402D4Expert+,
9604D435468C291039E8C39DBF9E8317E06605EEExpert+,9604D435468C291039E8C39DBF9E8317E06605EEExpert+,
93219A28885AFC6665B7289631420FDE9A2ECBFFExpert+,93219A28885AFC6665B7289631420FDE9A2ECBFFExpert+,
91F15BAE439205A851E8F288DE5C0CE6C5A5F09DExpert+,91F15BAE439205A851E8F288DE5C0CE6C5A5F09DExpert+,
8F4F34521B4FCA8C862DEE92E38AEEEFA66203DEExpert,8F4F34521B4FCA8C862DEE92E38AEEEFA66203DEExpert,
83FCF7F36599F78D231C8C4A302542853E491AF0Expert+,83FCF7F36599F78D231C8C4A302542853E491AF0Expert+,
8369B04572C428BCBBE511E8DB6C68A69B02EE41Expert+,8369B04572C428BCBBE511E8DB6C68A69B02EE41Expert+,
81A6B24EA98FF589B1B91C891382E602B36579A1Expert+,81A6B24EA98FF589B1B91C891382E602B36579A1Expert+,
81631B95CAE463CB700AEA59DBF52D58386127B7Expert+,81631B95CAE463CB700AEA59DBF52D58386127B7Expert+,
80FFE4B121DDD8BA8A9DAE8428F56EAB924E8F64Expert+,80FFE4B121DDD8BA8A9DAE8428F56EAB924E8F64Expert+,
805220F74ECB8FFFD9930ABCF4AB601E90E5751EExpert+,805220F74ECB8FFFD9930ABCF4AB601E90E5751EExpert+,
7ACE8EEE8E217A00A895AA7D12977CBC9AC0CDC5Expert,7ACE8EEE8E217A00A895AA7D12977CBC9AC0CDC5Expert,
75EAC6D275552670911B0428FF11BB38A9FFBF3CExpert+,75EAC6D275552670911B0428FF11BB38A9FFBF3CExpert+,
74609523DBF9D849862260CFCEC3DC45034913E0Expert+,74609523DBF9D849862260CFCEC3DC45034913E0Expert+,
701587CE2D1E502F8352C3CFD0627C1844B0FF0AExpert+,701587CE2D1E502F8352C3CFD0627C1844B0FF0AExpert+,
6A5AEA3CE9A7A9F120EBD4DEEA377B4A54640BFBExpert+,6A5AEA3CE9A7A9F120EBD4DEEA377B4A54640BFBExpert+,
697B9800DE84149EF6E938EA198F0AF14C391EC0Expert+,697B9800DE84149EF6E938EA198F0AF14C391EC0Expert+,
67ACEF2B69544228ABBCED6B4140E63CC938FF31Expert,67ACEF2B69544228ABBCED6B4140E63CC938FF31Expert,
67935D25CAF0996A282E87AC7A21738812B629DDExpert+,67935D25CAF0996A282E87AC7A21738812B629DDExpert+,
66193DABE3828397B148BD3CC3750E237490A74AExpert+,66193DABE3828397B148BD3CC3750E237490A74AExpert+,
64B81F99B76742B3C70EAC3BDA4230ED55E0D2ADExpert,64B81F99B76742B3C70EAC3BDA4230ED55E0D2ADExpert,
64A3204BF9804D4E3D8CE5C2F9DAB8B551D074FEExpert+,64A3204BF9804D4E3D8CE5C2F9DAB8B551D074FEExpert+,
62E8C75CC4E0F9CDF9F9D600D44280591B7A4C9EExpert+,62E8C75CC4E0F9CDF9F9D600D44280591B7A4C9EExpert+,
621487B366D4793A095BC2E2FCF542845E325B38Expert+,621487B366D4793A095BC2E2FCF542845E325B38Expert+,
62128DFDD39DB6A2CC380C254031A9D4367B87A1Expert+,62128DFDD39DB6A2CC380C254031A9D4367B87A1Expert+,
620CBED0B317879355E561B5C06FF356686C1706Expert,620CBED0B317879355E561B5C06FF356686C1706Expert,
620CBED0B317879355E561B5C06FF356686C1706Expert+,620CBED0B317879355E561B5C06FF356686C1706Expert+,
60D0A66737D9114C883B1F9A3293595E42ADBFCBExpert+,60D0A66737D9114C883B1F9A3293595E42ADBFCBExpert+,
5f4f010301806cf47f0ace06deadf9d321b06dacExpert+,5f4f010301806cf47f0ace06deadf9d321b06dacExpert+,
5A8377CEC04DAAC76A525CF810156AC6456D1F1FExpert,5A8377CEC04DAAC76A525CF810156AC6456D1F1FExpert,
541BB4BE6D9D95C08426E3995BAE782A5ECE5FD3Expert+,541BB4BE6D9D95C08426E3995BAE782A5ECE5FD3Expert+,
518FD81AC6FDBFD050AB8FAC7C6AE7D73E16257AExpert+,518FD81AC6FDBFD050AB8FAC7C6AE7D73E16257AExpert+,
50D3F8302337C1E9812EB1C0A0AADF87E1B0FF82Expert+,50D3F8302337C1E9812EB1C0A0AADF87E1B0FF82Expert+,
4A6EE299D15FE5A2E1FEA295991DAC1A89F4FD0FExpert,4A6EE299D15FE5A2E1FEA295991DAC1A89F4FD0FExpert,
49635E84BD0518B5192B653AF59922A5D2C97A3FExpert+,49635E84BD0518B5192B653AF59922A5D2C97A3FExpert+,
48C1968A3A37307D61E90AC20EA8497821FB5A25Expert,48C1968A3A37307D61E90AC20EA8497821FB5A25Expert,
479A6C0E49C3E94C524C363B1BA3EA52338A2176Expert+,479A6C0E49C3E94C524C363B1BA3EA52338A2176Expert+,
479037E38D3D631EA51139462A5333D76E4B810FExpert+,479037E38D3D631EA51139462A5333D76E4B810FExpert+,
468E2618A69BCC772CB2095C1CD843D7537D0F0CHard,468E2618A69BCC772CB2095C1CD843D7537D0F0CHard,
463D142CFF785702A3BFC7CD511AE84DB2DB68E8Expert+,463D142CFF785702A3BFC7CD511AE84DB2DB68E8Expert+,
4000546C46A9E28036E788704D235E7CFF56225CExpert+,4000546C46A9E28036E788704D235E7CFF56225CExpert+,
3FFA62BD196370D7CD0AD9817EFB11D5633706D9Expert+,3FFA62BD196370D7CD0AD9817EFB11D5633706D9Expert+,
3ADB7906D8C63B89A62D279FB02FE0AF5E8FB9A2Expert+,3ADB7906D8C63B89A62D279FB02FE0AF5E8FB9A2Expert+,
36374F66ADC73B3DB823D90BFF31C51ACF7F43C7Expert+,36374F66ADC73B3DB823D90BFF31C51ACF7F43C7Expert+,
312E16C63C727303286A0278A713A3BCFEA8186DExpert+,312E16C63C727303286A0278A713A3BCFEA8186DExpert+,
30BA065016AAC5DF31D1E2D27A63F7719FF1370EExpert+,30BA065016AAC5DF31D1E2D27A63F7719FF1370EExpert+,
30AF0D575A468F26B5E61BA0F2B7B15ED9ECA48CExpert+,30AF0D575A468F26B5E61BA0F2B7B15ED9ECA48CExpert+,
2FBB44547EA6F334C82F29DD2E2FFDD787BE83EEExpert,2FBB44547EA6F334C82F29DD2E2FFDD787BE83EEExpert,
2FBB44547EA6F334C82F29DD2E2FFDD787BE83EEExpert+,2FBB44547EA6F334C82F29DD2E2FFDD787BE83EEExpert+,
2D812894B3AC24D18F917CD9BA65F5C60987345EExpert+,2D812894B3AC24D18F917CD9BA65F5C60987345EExpert+,
2D461CBF110B43FF6CD446F7E4FA1E94F216B111Expert+,2D461CBF110B43FF6CD446F7E4FA1E94F216B111Expert+,
2B8A75D4346AA7300D001E69CAF85D0FAC9D8291Expert,2B8A75D4346AA7300D001E69CAF85D0FAC9D8291Expert,
2B8A75D4346AA7300D001E69CAF85D0FAC9D8291Expert+,2B8A75D4346AA7300D001E69CAF85D0FAC9D8291Expert+,
2689EE1E1AC4AFFAF303F87DE853FCA887BF5D7EExpert+,2689EE1E1AC4AFFAF303F87DE853FCA887BF5D7EExpert+,
254D9FAA986C0CB9600D0460BF4ADDCBCDD89C6AExpert+,254D9FAA986C0CB9600D0460BF4ADDCBCDD89C6AExpert+,
24B997D33544DA0E6B21945F7F6BBED681BF5D8EExpert+,24B997D33544DA0E6B21945F7F6BBED681BF5D8EExpert+,
24AC0F388C9D843F897B60C5F4B04A68BAA43379Expert,24AC0F388C9D843F897B60C5F4B04A68BAA43379Expert,
23F1B0564E8306B96A2E82D7B5A571674161D5F9Expert+,23F1B0564E8306B96A2E82D7B5A571674161D5F9Expert+,
23328A868C4C13C72E191A77EB42622D551EF5ACExpert,23328A868C4C13C72E191A77EB42622D551EF5ACExpert,
23328A868C4C13C72E191A77EB42622D551EF5ACExpert+,23328A868C4C13C72E191A77EB42622D551EF5ACExpert+,
23015A4E5087A298C723754C64DFD36A668386AEExpert,23015A4E5087A298C723754C64DFD36A668386AEExpert,
1F9D15D393191ABFE089A9B0CAA055F29D4DB3F5Expert+,1F9D15D393191ABFE089A9B0CAA055F29D4DB3F5Expert+,
1F4336AD12E0804CA624F0909272900051544ACEExpert+,1F4336AD12E0804CA624F0909272900051544ACEExpert+,
1EBB6C788C2C6C5B55F0D7C62092575DC3C4946FExpert+,1EBB6C788C2C6C5B55F0D7C62092575DC3C4946FExpert+,
1C93C87B8FF700AE69D2DD9A742F5C13BD35CC47Expert+,1C93C87B8FF700AE69D2DD9A742F5C13BD35CC47Expert+,
1C0DF30696959676B3EA77D3FB6DF455025E9583Expert+,1C0DF30696959676B3EA77D3FB6DF455025E9583Expert+,
1C09E823E2B9720E573EA46C53C62EDAAAD51665Expert+,1C09E823E2B9720E573EA46C53C62EDAAAD51665Expert+,
174866667BACBA128E54AD5CB58077A46456303BExpert+,174866667BACBA128E54AD5CB58077A46456303BExpert+,
158005783F1B04090F97CD22325232EC7CBF6FD5Expert+,158005783F1B04090F97CD22325232EC7CBF6FD5Expert+,
157E0DB010B9EAFDD0A4673F89D89C33EEEE794BExpert+,157E0DB010B9EAFDD0A4673F89D89C33EEEE794BExpert+,
14C079FEC20922BA016B8D611C3985B491D02EE2Expert+,14C079FEC20922BA016B8D611C3985B491D02EE2Expert+,
0EE512B17E6279FE28A06DED2791EA390F3D4710Expert+,0EE512B17E6279FE28A06DED2791EA390F3D4710Expert+,
09F435B861416442FE61B5B2D512AFCA5C29BCF2Hard,09F435B861416442FE61B5B2D512AFCA5C29BCF2Hard,
09F435B861416442FE61B5B2D512AFCA5C29BCF2Expert,09F435B861416442FE61B5B2D512AFCA5C29BCF2Expert,
09F435B861416442FE61B5B2D512AFCA5C29BCF2Expert+,09F435B861416442FE61B5B2D512AFCA5C29BCF2Expert+,
0921DF4BEE8DDDF36EEBFA9D59B567B96D96697AExpert+,0921DF4BEE8DDDF36EEBFA9D59B567B96D96697AExpert+,
00CFA473477180E792145ECDE5C2DB814536E8A2Expert+,00CFA473477180E792145ECDE5C2DB814536E8A2Expert+,
FAAF10021BD1CEC27E6E2A70DD19C9E1CDF2AC78Expert+,FAAF10021BD1CEC27E6E2A70DD19C9E1CDF2AC78Expert+,
FD34B0279836820254C31552C5753291ACBCBB95Expert+,FD34B0279836820254C31552C5753291ACBCBB95Expert+,
FDCF6854379007B211B5B62919F907F8D3A53FFFExpert,FDCF6854379007B211B5B62919F907F8D3A53FFFExpert,
FF2126D0A76F6E57B5B881D200194FC1FF30B3C2Expert+,FF2126D0A76F6E57B5B881D200194FC1FF30B3C2Expert+,
FEDBBA8A72EC41440A24232EB645887C2FCE5EB5Expert+,FEDBBA8A72EC41440A24232EB645887C2FCE5EB5Expert+,
FDCF6854379007B211B5B62919F907F8D3A53FFFExpert+,FDCF6854379007B211B5B62919F907F8D3A53FFFExpert+,
FA7F6276E91661F6C1288BEB10B40CA386B7DE57Expert+,FA7F6276E91661F6C1288BEB10B40CA386B7DE57Expert+,
FA3705ABAC06D9DF2AC533C210F8C3D671D5BA2DExpert,FA3705ABAC06D9DF2AC533C210F8C3D671D5BA2DExpert,
FA3705ABAC06D9DF2AC533C210F8C3D671D5BA2DExpert+,FA3705ABAC06D9DF2AC533C210F8C3D671D5BA2DExpert+,
F51C6F95749DFB718A21128A4DD918AA65A38E57Expert+,F51C6F95749DFB718A21128A4DD918AA65A38E57Expert+,
F39B7EBC77E944242AFCAC198D0D90AA98423D98Expert+,F39B7EBC77E944242AFCAC198D0D90AA98423D98Expert+,
EFC25C649BD771FDDB1868545FA47803716E7E49Expert+,EFC25C649BD771FDDB1868545FA47803716E7E49Expert+,
ED430D72B59591377C10AF1D354F802F103FB432Expert+,ED430D72B59591377C10AF1D354F802F103FB432Expert+,
E8496DC530318BE6311BA5F080794F6AF452E7C0Expert+,E8496DC530318BE6311BA5F080794F6AF452E7C0Expert+,
E5D18576630941A62F199C1CBAB3CA4F869A7416Expert,E5D18576630941A62F199C1CBAB3CA4F869A7416Expert,
E3212402DE04646F98FFEA3270A727C257622234Expert+,E3212402DE04646F98FFEA3270A727C257622234Expert+,
E24FB7D5EA14E7DD155AAF59BE80E9DC5958F876Expert+,E24FB7D5EA14E7DD155AAF59BE80E9DC5958F876Expert+,
E1E026D655747FC75D29BF46CD91EFD109C8ECCAExpert+,E1E026D655747FC75D29BF46CD91EFD109C8ECCAExpert+,
DDF44D06CBA13C87FBF87F95B46E82C97E000BF1Expert+,DDF44D06CBA13C87FBF87F95B46E82C97E000BF1Expert+,
D9FA4E43AF8777116C60CFE2C473D13153754379Expert+,D9FA4E43AF8777116C60CFE2C473D13153754379Expert+,
D971E0573D55F0758DBDF983CC88A9DD335D0861Expert+,D971E0573D55F0758DBDF983CC88A9DD335D0861Expert+,
D1F62A2CC48925B51C0EAFC9B7C813573E7CFADAExpert+,D1F62A2CC48925B51C0EAFC9B7C813573E7CFADAExpert+,
D17181E450E77531D972FC198C90F19F1BBD03D1Expert+,D17181E450E77531D972FC198C90F19F1BBD03D1Expert+,
D04138A245357F230A3BFC568DE9AF89D4FAC687Expert+,D04138A245357F230A3BFC568DE9AF89D4FAC687Expert+,
CD8960DBA038D58784817B3C55D90863FA08ADA9Expert+,CD8960DBA038D58784817B3C55D90863FA08ADA9Expert+,
CAAD877634E4F483CAAF701D1D103BA8D692BD74Expert,CAAD877634E4F483CAAF701D1D103BA8D692BD74Expert,
C813C8DDCC4E831F4A175FDE9F0D8B73952FC2BCExpert+,C813C8DDCC4E831F4A175FDE9F0D8B73952FC2BCExpert+,
BE3CA6ECEC35ADFD4BB4A2A548F302141B100E06Expert+,BE3CA6ECEC35ADFD4BB4A2A548F302141B100E06Expert+,
BDEDCCEC6C2F59A55F9D44DE5A54F490D72EC8F4Expert,BDEDCCEC6C2F59A55F9D44DE5A54F490D72EC8F4Expert,
BDEDCCEC6C2F59A55F9D44DE5A54F490D72EC8F4Expert+,BDEDCCEC6C2F59A55F9D44DE5A54F490D72EC8F4Expert+,
BC8E2895E7A25A8F3FB0C87BF76C6EB09DC44E84Expert+,BC8E2895E7A25A8F3FB0C87BF76C6EB09DC44E84Expert+,
BC1EC36D7A78658C0870FB9529F848C034A3D43EExpert+,BC1EC36D7A78658C0870FB9529F848C034A3D43EExpert+,
BB6C14D91C6DAA1B31A44D54487231587E573D6FExpert+,BB6C14D91C6DAA1B31A44D54487231587E573D6FExpert+,
BB4EC249AC3B07160B06DAA7ADADC194937A647EExpert+,BB4EC249AC3B07160B06DAA7ADADC194937A647EExpert+,
BA220888BB848D07BDFE3C49A4960E487C63BE82Expert+,BA220888BB848D07BDFE3C49A4960E487C63BE82Expert+,
B666A3E654179B794828E726FC80B506FDEB523FExpert,B666A3E654179B794828E726FC80B506FDEB523FExpert,
B666A3E654179B794828E726FC80B506FDEB523FExpert+,B666A3E654179B794828E726FC80B506FDEB523FExpert+,
B506526ABA9AE3BC8C6DE045326D4F083607776BExpert+,B506526ABA9AE3BC8C6DE045326D4F083607776BExpert+,
B3B8864657542CEDE63B3ED89514187DD3653588Expert+,B3B8864657542CEDE63B3ED89514187DD3653588Expert+,
B14314329BE9676417448404A59619E3CE9EBE48Expert,B14314329BE9676417448404A59619E3CE9EBE48Expert,
AB545725E837496295BB5C0321F63044D77A958CExpert,AB545725E837496295BB5C0321F63044D77A958CExpert,
A8424C1DBB2C03D63B50091A50537DA40132D780Expert+,A8424C1DBB2C03D63B50091A50537DA40132D780Expert+,
A4DC5CE503BE7D3E42DD9F51995A341BCFF36B30Expert,A4DC5CE503BE7D3E42DD9F51995A341BCFF36B30Expert,
A4DC5CE503BE7D3E42DD9F51995A341BCFF36B30Expert+,A4DC5CE503BE7D3E42DD9F51995A341BCFF36B30Expert+,
A256C322C34F3C603893A5EE82C16971351A9919Expert,A256C322C34F3C603893A5EE82C16971351A9919Expert,
A256C322C34F3C603893A5EE82C16971351A9919Expert+,A256C322C34F3C603893A5EE82C16971351A9919Expert+,
A060F2B4D6E4157A28FCA33139205955A7A98847Hard,A060F2B4D6E4157A28FCA33139205955A7A98847Hard,
A060F2B4D6E4157A28FCA33139205955A7A98847Expert,A060F2B4D6E4157A28FCA33139205955A7A98847Expert,
A060F2B4D6E4157A28FCA33139205955A7A98847Expert+,A060F2B4D6E4157A28FCA33139205955A7A98847Expert+,
9C4820E753370B43DB6C944EED8D6F0966847F0AExpert+,9C4820E753370B43DB6C944EED8D6F0966847F0AExpert+,
9A8581460386E3D3CCA3BA62EE4BD621C131980CExpert+,9A8581460386E3D3CCA3BA62EE4BD621C131980CExpert+,
982D3905470C6755B49F72238603A5B33DE56B38Expert,982D3905470C6755B49F72238603A5B33DE56B38Expert,
8B0954E826D02175872F9D80BF8BB96DE5A1B227Expert+,8B0954E826D02175872F9D80BF8BB96DE5A1B227Expert+,
85ED6A233B87576D8A101927AB4AC10B6A0B74F4Expert+,85ED6A233B87576D8A101927AB4AC10B6A0B74F4Expert+,
84EFFC8F967F9BAEDB1C1F17910D47274C175173Expert+,84EFFC8F967F9BAEDB1C1F17910D47274C175173Expert+,
7C0DDC059DC720D7AD1EFA93C0E448BCCAA5B877Expert+,7C0DDC059DC720D7AD1EFA93C0E448BCCAA5B877Expert+,
7BDD78A1787E0FD59A24466D700E1683B1CF5DE4Expert,7BDD78A1787E0FD59A24466D700E1683B1CF5DE4Expert,
7BDD78A1787E0FD59A24466D700E1683B1CF5DE4Expert+,7BDD78A1787E0FD59A24466D700E1683B1CF5DE4Expert+,
790735D0DA9B1FD59A0C6FEE32A394539556E5F3Expert+,790735D0DA9B1FD59A0C6FEE32A394539556E5F3Expert+,
770F96C0D16CA15FA7ABF3852FE9633A6F300991Expert+,770F96C0D16CA15FA7ABF3852FE9633A6F300991Expert+,
75DAE20C02C460B960358846EAB97DAB5A8FECA1Expert,75DAE20C02C460B960358846EAB97DAB5A8FECA1Expert,
754DAC6FF0ED6C0F7EAAAC90C7373CE35F43EF58Expert+,754DAC6FF0ED6C0F7EAAAC90C7373CE35F43EF58Expert+,
725FD8E611F1951F993FEF82BA6F507421615E4CExpert+,725FD8E611F1951F993FEF82BA6F507421615E4CExpert+,
71561EFCC445EE7B40C5FB6A6B50C52ACC873565Expert+,71561EFCC445EE7B40C5FB6A6B50C52ACC873565Expert+,
6A6D548E2F809A323CEF284F338567480AAEEE9FExpert+,6A6D548E2F809A323CEF284F338567480AAEEE9FExpert+,
67ACEF2B69544228ABBCED6B4140E63CC938FF31Expert+,67ACEF2B69544228ABBCED6B4140E63CC938FF31Expert+,
651F82B3849E4E37F7CFDDCD9209A4E506B2982EExpert+,651F82B3849E4E37F7CFDDCD9209A4E506B2982EExpert+,
6423C4D623ED204905BC8DB569E6B1D5A76C141EExpert+,6423C4D623ED204905BC8DB569E6B1D5A76C141EExpert+,
6254580C9AB17F367298E7A7B78986FB58D2A1C8Expert+,6254580C9AB17F367298E7A7B78986FB58D2A1C8Expert+,
60A777A5370DA2B9D7AC991F5ACDBA36E4BD295FExpert+,60A777A5370DA2B9D7AC991F5ACDBA36E4BD295FExpert+,
5FE66E893160663B1AE15B59B505F26DF57557DBExpert+,5FE66E893160663B1AE15B59B505F26DF57557DBExpert+,
5DDAF3976D3F53ABE71853C986862B08605C4D67Expert+,5DDAF3976D3F53ABE71853C986862B08605C4D67Expert+,
5BF9F2E7EF07841763BE90CBF3331E1AE4753697Expert+,5BF9F2E7EF07841763BE90CBF3331E1AE4753697Expert+,
5A79F235519F17323538CB9F9730C9040C89E5DEExpert+,5A79F235519F17323538CB9F9730C9040C89E5DEExpert+,
5A6ECFEC1A678ED2DF7E366744E16E77C061B82AExpert+,5A6ECFEC1A678ED2DF7E366744E16E77C061B82AExpert+,
59B5445E569B55FDBD72FECC035607D3CEB7E9F1Hard,59B5445E569B55FDBD72FECC035607D3CEB7E9F1Hard,
59B5445E569B55FDBD72FECC035607D3CEB7E9F1Expert+,59B5445E569B55FDBD72FECC035607D3CEB7E9F1Expert+,
5909C4CC3F242632BF4C826305732489F8C54F9BExpert+,5909C4CC3F242632BF4C826305732489F8C54F9BExpert+,
533F9F1D34617ABAA0D78681DE81900936963AA4Expert+,533F9F1D34617ABAA0D78681DE81900936963AA4Expert+,
51284444BF53C79584BCE5A2B6A2F450DCBAA12BExpert+,51284444BF53C79584BCE5A2B6A2F450DCBAA12BExpert+,
4F003B1A4144A7AF68FA1F846D480239B2BC5CA2Expert+,4F003B1A4144A7AF68FA1F846D480239B2BC5CA2Expert+,
4BBDAA1004A00EEB9C8D9432640E1C7D490B46D9Expert,4BBDAA1004A00EEB9C8D9432640E1C7D490B46D9Expert,
4BBDAA1004A00EEB9C8D9432640E1C7D490B46D9Expert+,4BBDAA1004A00EEB9C8D9432640E1C7D490B46D9Expert+,
4636E2C0FBCC6C118EDF6FDE61EF07EAA87EEEDFExpert+,4636E2C0FBCC6C118EDF6FDE61EF07EAA87EEEDFExpert+,
445A3A3EF3656084F92E1109FB6187DB2DE3085DExpert+,445A3A3EF3656084F92E1109FB6187DB2DE3085DExpert+,
435F2461AA0F4347D55944F2FFE39F9A68D6D030Expert,435F2461AA0F4347D55944F2FFE39F9A68D6D030Expert,
435F2461AA0F4347D55944F2FFE39F9A68D6D030Expert+,435F2461AA0F4347D55944F2FFE39F9A68D6D030Expert+,
42C4A0D1A902F2C279B98E78EAA88366FC4DCD41Expert+,42C4A0D1A902F2C279B98E78EAA88366FC4DCD41Expert+,
42C10857AF7E114C71A1B9F598E8462BA07C3DC1Expert+,42C10857AF7E114C71A1B9F598E8462BA07C3DC1Expert+,
4050A8A9DF4B7B895A63A23F1CAF61232D9601EFExpert+,4050A8A9DF4B7B895A63A23F1CAF61232D9601EFExpert+,
403FE120B764A47A4A129F45A27541F4B00DCE90Expert+,403FE120B764A47A4A129F45A27541F4B00DCE90Expert+,
3F97C2436882538C7B482E87A5E97B9F14EDCB69Expert+,3F97C2436882538C7B482E87A5E97B9F14EDCB69Expert+,
3D3FA076FB3D04D4633380F80C6022202116B69CExpert+,3D3FA076FB3D04D4633380F80C6022202116B69CExpert+,
3751435792BEBC3901CF09ECFE434C095A6D81C1Expert+,3751435792BEBC3901CF09ECFE434C095A6D81C1Expert+,
2F09BB6C2ECB9EC5B66B4805656B1CBE9C6AC7CDExpert,2F09BB6C2ECB9EC5B66B4805656B1CBE9C6AC7CDExpert,
2E887F6CD0FA896A890D2FB8D023A17DB47F0EA9Expert,2E887F6CD0FA896A890D2FB8D023A17DB47F0EA9Expert,
2E4614DE850731444559C6FBEEDDF789FAC2784BHard,2E4614DE850731444559C6FBEEDDF789FAC2784BHard,
2E4614DE850731444559C6FBEEDDF789FAC2784BExpert,2E4614DE850731444559C6FBEEDDF789FAC2784BExpert,
2E4614DE850731444559C6FBEEDDF789FAC2784BExpert+,2E4614DE850731444559C6FBEEDDF789FAC2784BExpert+,
28BDD9211BD4CD76E2D2FB8A32245DBB7F38F7ABExpert+,28BDD9211BD4CD76E2D2FB8A32245DBB7F38F7ABExpert+,
28547D0245F0FEF153A5F4C96BB3B4F91A9D0AB8Expert+,28547D0245F0FEF153A5F4C96BB3B4F91A9D0AB8Expert+,
25F76A04677F383F2C5753FCDF6BB8581572311EExpert+,25F76A04677F383F2C5753FCDF6BB8581572311EExpert+,
23015A4E5087A298C723754C64DFD36A668386AEExpert+,23015A4E5087A298C723754C64DFD36A668386AEExpert+,
21A989606D52EDF96B2971DBEDE366B1D0523088Expert,21A989606D52EDF96B2971DBEDE366B1D0523088Expert,
21A989606D52EDF96B2971DBEDE366B1D0523088Expert+,21A989606D52EDF96B2971DBEDE366B1D0523088Expert+,
1F723CED1FF1748A947972A603532D15BB8F6804Expert+,1F723CED1FF1748A947972A603532D15BB8F6804Expert+,
1C93C87B8FF700AE69D2DD9A742F5C13BD35CC47Expert,1C93C87B8FF700AE69D2DD9A742F5C13BD35CC47Expert,
144663E058ABAD780CBAF38F49CBD03C1EA47454Hard,144663E058ABAD780CBAF38F49CBD03C1EA47454Hard,
123015BDC43BED6770408A9AD98B73F5284F4AC2Expert+,123015BDC43BED6770408A9AD98B73F5284F4AC2Expert+,
0F78A1408C91134E3B309E0BBA16B5AE914596F1Expert+,0F78A1408C91134E3B309E0BBA16B5AE914596F1Expert+,
0CAC133F16A319DE4788AD5F27002994E120D818Expert+,0CAC133F16A319DE4788AD5F27002994E120D818Expert+,
0B71BA47DEEF78A55C5709058ABDB9B0849486F7Expert+,0B71BA47DEEF78A55C5709058ABDB9B0849486F7Expert+,
09F8BEE6908E3A9CD724B3DB3162A5C381ECB156Expert+,09F8BEE6908E3A9CD724B3DB3162A5C381ECB156Expert+,
07d36c6fed15feeb5a85aaa8d8e1fafb7283947cExpert+,07d36c6fed15feeb5a85aaa8d8e1fafb7283947cExpert+,
071BA4FD4F08F74ABBA5FFBE3315E5006284909FExpert+,071BA4FD4F08F74ABBA5FFBE3315E5006284909FExpert+,
071893022FBB7FF14814263FF59E3D545B903BCBExpert+,071893022FBB7FF14814263FF59E3D545B903BCBExpert+,
018ACAAD1EC1E13BD9E428A19E41C844AA05B9DAExpert+,018ACAAD1EC1E13BD9E428A19E41C844AA05B9DAExpert+,
0115B6CFD65270EB2A3A2C1909FCD0FE311D7A07Expert+,0115B6CFD65270EB2A3A2C1909FCD0FE311D7A07Expert+,
477363EBAB4637A15FC3CAFB9648DE394BA3834EExpert+,477363EBAB4637A15FC3CAFB9648DE394BA3834EExpert+,
468E2618A69BCC772CB2095C1CD843D7537D0F0CExpert+,468E2618A69BCC772CB2095C1CD843D7537D0F0CExpert+,
4329FFDDEDF37EFA45006FAEFFC480D41525334DExpert,4329FFDDEDF37EFA45006FAEFFC480D41525334DExpert,
3E86DAF870FB28706C91DF792272066F3F396A2FExpert,3E86DAF870FB28706C91DF792272066F3F396A2FExpert,
3E86DAF870FB28706C91DF792272066F3F396A2FExpert+,3E86DAF870FB28706C91DF792272066F3F396A2FExpert+,
39EA1C7F8ECF7F927E2ACD072378BC08C94F230AExpert+,39EA1C7F8ECF7F927E2ACD072378BC08C94F230AExpert+,
3751435792BEBC3901CF09ECFE434C095A6D81C1Expert,3751435792BEBC3901CF09ECFE434C095A6D81C1Expert,
30BB09ED78B0ABEE79BDECA20D60C2D071662C23Expert+,30BB09ED78B0ABEE79BDECA20D60C2D071662C23Expert+,
2E6CB362F31D00EE9F2B9C8640CFD94BBFB8377FExpert+,2E6CB362F31D00EE9F2B9C8640CFD94BBFB8377FExpert+,
2B8A75D4346AA7300D001E69CAF85D0FAC9D8291Hard,2B8A75D4346AA7300D001E69CAF85D0FAC9D8291Hard,
2A00290BE288273A84D3C73FC6CF34CD603B4B73Expert+,2A00290BE288273A84D3C73FC6CF34CD603B4B73Expert+,
28ABB0BB8BDB7C7AF3E18D11DBDAA40E56F779C1Expert,28ABB0BB8BDB7C7AF3E18D11DBDAA40E56F779C1Expert,
287F0F9CB50EA07CE1E9006A433E16CD2B9F90F6Expert+,287F0F9CB50EA07CE1E9006A433E16CD2B9F90F6Expert+,
2298EFDD295C6AA85941DAE56CF1EE8A2F1FE2E7Expert+,2298EFDD295C6AA85941DAE56CF1EE8A2F1FE2E7Expert+,
1D76CFE623E3D51D3A0FAA4F082D2B3414442E7AExpert+,1D76CFE623E3D51D3A0FAA4F082D2B3414442E7AExpert+,
15F0831D73BA87A9EED840D74BCEA1F92BF8CF53Expert+,15F0831D73BA87A9EED840D74BCEA1F92BF8CF53Expert+,
158005783F1B04090F97CD22325232EC7CBF6FD5Expert,158005783F1B04090F97CD22325232EC7CBF6FD5Expert,
157577E05E325504CEC89EBD0B382F9EF69246B7Expert+,157577E05E325504CEC89EBD0B382F9EF69246B7Expert+,
11685B6D771D12B7733481DD28444AA007DEFCFAExpert+,11685B6D771D12B7733481DD28444AA007DEFCFAExpert+,
115D10630CA566010E6548ED0A6DF0CA3267A3F9Expert+,115D10630CA566010E6548ED0A6DF0CA3267A3F9Expert+,
071048B302300C07788D8422D05F7CCDF457FE40Expert+,071048B302300C07788D8422D05F7CCDF457FE40Expert+,
0115B6CFD65270EB2A3A2C1909FCD0FE311D7A07Expert,0115B6CFD65270EB2A3A2C1909FCD0FE311D7A07Expert,
4919283D28DEDC793D4E090F309B4662358E5984Hard,4919283D28DEDC793D4E090F309B4662358E5984Hard,
4BA8B460A7F5A1C32CFB2EE728B8FA0773E40559Expert+,4BA8B460A7F5A1C32CFB2EE728B8FA0773E40559Expert+,
4BA8B460A7F5A1C32CFB2EE728B8FA0773E40559Expert,4BA8B460A7F5A1C32CFB2EE728B8FA0773E40559Expert,
4F003B1A4144A7AF68FA1F846D480239B2BC5CA2Hard,4F003B1A4144A7AF68FA1F846D480239B2BC5CA2Hard,
4FDA03A18F72C76A94F14FB08CA2088E4990BCD3Expert,4FDA03A18F72C76A94F14FB08CA2088E4990BCD3Expert,
50D3F8302337C1E9812EB1C0A0AADF87E1B0FF82Expert,50D3F8302337C1E9812EB1C0A0AADF87E1B0FF82Expert,
5265BCE782491A81946E9F4DC99FE38FD367CA45Expert+,5265BCE782491A81946E9F4DC99FE38FD367CA45Expert+,
52862E833FFF427A1F7192CF38952E9F30717CE0Expert+,52862E833FFF427A1F7192CF38952E9F30717CE0Expert+,
564153D2932888C996E08703EF00C7B587F74257Expert+,564153D2932888C996E08703EF00C7B587F74257Expert+,
56617C820776AE2DED07909464CBF1FEFA00375EExpert+,56617C820776AE2DED07909464CBF1FEFA00375EExpert+,
5A8377CEC04DAAC76A525CF810156AC6456D1F1FExpert+,5A8377CEC04DAAC76A525CF810156AC6456D1F1FExpert+,
5a8377cec04daac76a525cf810156ac6456d1f1fHard,5a8377cec04daac76a525cf810156ac6456d1f1fHard,
62128DFDD39DB6A2CC380C254031A9D4367B87A1Expert,62128DFDD39DB6A2CC380C254031A9D4367B87A1Expert,
676689A389F4409386A98FA8DFE46D8575024CA2Expert+,676689A389F4409386A98FA8DFE46D8575024CA2Expert+,
67BB0D3F7B8E46968C7A4F4346DEE5F9D8EFFD09Expert+,67BB0D3F7B8E46968C7A4F4346DEE5F9D8EFFD09Expert+,
6A2FF77680750D8A119DB1E75E75DD777C40249EExpert,6A2FF77680750D8A119DB1E75E75DD777C40249EExpert,
6E3A349F55E861703C599065F4ECB9F4374057C7Expert+,6E3A349F55E861703C599065F4ECB9F4374057C7Expert+,
71018661B82B51A68ACBF075B803A938A98FAF74Expert+,71018661B82B51A68ACBF075B803A938A98FAF74Expert+,
71FF5E91972C87304873A02276CE6A9D80691EE9Expert+,71FF5E91972C87304873A02276CE6A9D80691EE9Expert+,
750F50BE79CBFB01ECDE329E80FD4CFF075E3150Expert,750F50BE79CBFB01ECDE329E80FD4CFF075E3150Expert,
754DAC6FF0ED6C0F7EAAAC90C7373CE35F43EF58Expert,754DAC6FF0ED6C0F7EAAAC90C7373CE35F43EF58Expert,
75CCD1DEF27021C38B58246F650802D9702BC70EExpert+,75CCD1DEF27021C38B58246F650802D9702BC70EExpert+,
75EAC6D275552670911B0428FF11BB38A9FFBF3CExpert,75EAC6D275552670911B0428FF11BB38A9FFBF3CExpert,
7BDD78A1787E0FD59A24466D700E1683B1CF5DE4Hard,7BDD78A1787E0FD59A24466D700E1683B1CF5DE4Hard,
81A6B24EA98FF589B1B91C891382E602B36579A1Expert,81A6B24EA98FF589B1B91C891382E602B36579A1Expert,
845F56E54E95D1BCC891D402F3B6EC6316B697FAExpert+,845F56E54E95D1BCC891D402F3B6EC6316B697FAExpert+,
854CB9CF8BF11E41186F47C201AEA4895E4E6198Expert+,854CB9CF8BF11E41186F47C201AEA4895E4E6198Expert+,
8D609B63D34CE1D0EBCF71B106BD54F07325C93BExpert+,8D609B63D34CE1D0EBCF71B106BD54F07325C93BExpert+,
97E1B67ED8641899E89DE59603D97D89DAE770D7Hard,97E1B67ED8641899E89DE59603D97D89DAE770D7Hard,
97F3EC9CF48316CB1060CABA1029A0EEC0B402D4Expert,97F3EC9CF48316CB1060CABA1029A0EEC0B402D4Expert,
98D49FC45B3012D5EAE0AEFCACABD59327927674Expert+,98D49FC45B3012D5EAE0AEFCACABD59327927674Expert+,
9AC0355075FBBCCA270225FF9FEBD7B2E27BFA43Expert+,9AC0355075FBBCCA270225FF9FEBD7B2E27BFA43Expert+,
9F004C943E5CB3B007E93B148C6DA9ADF1280765Expert+,9F004C943E5CB3B007E93B148C6DA9ADF1280765Expert+,
A78B40D0C240A9DD9B39555B786F0A08B1FD0D1CExpert,A78B40D0C240A9DD9B39555B786F0A08B1FD0D1CExpert,
A9968D2D7979606F57E2988D44189DB7DE8CF0E4Expert,A9968D2D7979606F57E2988D44189DB7DE8CF0E4Expert,
AB9D8072C8E65F600844BA8EDC0033AE6125946FExpert+,AB9D8072C8E65F600844BA8EDC0033AE6125946FExpert+,
B24ADFD730D5F8607890743D5B7A18DA36577427Expert+,B24ADFD730D5F8607890743D5B7A18DA36577427Expert+,
B76F546A682122155BE11739438FCAE6CFE2C2CFExpert,B76F546A682122155BE11739438FCAE6CFE2C2CFExpert,
B94BCEAB79653037718941989399A36146B3ADECExpert+,B94BCEAB79653037718941989399A36146B3ADECExpert+,
B9BED84A127130BF80AFF18DB677EDD215CE0AB5Expert,B9BED84A127130BF80AFF18DB677EDD215CE0AB5Expert,
BBC011F70D104624EB40ACD3944C2FBFBB30E5B0Expert,BBC011F70D104624EB40ACD3944C2FBFBB30E5B0Expert,
BCD465BC14CD421901CEC7869800AB977918E091Expert,BCD465BC14CD421901CEC7869800AB977918E091Expert,
BCEA96043773B95362844EC20BA5149F51B38F70Expert+,BCEA96043773B95362844EC20BA5149F51B38F70Expert+,
BD92C5760B6D03664A7083FA93CC6708310E6E2AHard,BD92C5760B6D03664A7083FA93CC6708310E6E2AHard,
BDF85D5D575A992139EFF968A8348B3E6F03EEFEExpert+,BDF85D5D575A992139EFF968A8348B3E6F03EEFEExpert+,
BE9949A40A1A452CE0A1D369A441982AC2E63D46Expert+,BE9949A40A1A452CE0A1D369A441982AC2E63D46Expert+,
C6E1038A84CB5BB25A4FF849E81770DB6106C3D5Expert,C6E1038A84CB5BB25A4FF849E81770DB6106C3D5Expert,
CD195B30D6606C2FBC57315A085C61649F56B687Expert+,CD195B30D6606C2FBC57315A085C61649F56B687Expert+,
D01CEF83CC9C8B8EEA82DDD98EE2CE6B24BFDB03Hard,D01CEF83CC9C8B8EEA82DDD98EE2CE6B24BFDB03Hard,
D0B25B0B05C7B14C5EA55774D1F751705F360026Expert+,D0B25B0B05C7B14C5EA55774D1F751705F360026Expert+,
D112173D950AD96B0903BC085A9C07CDCFAC7F29Expert+,D112173D950AD96B0903BC085A9C07CDCFAC7F29Expert+,
D112173D950AD96B0903BC085A9C07CDCFAC7F29Expert,D112173D950AD96B0903BC085A9C07CDCFAC7F29Expert,
D112173D950AD96B0903BC085A9C07CDCFAC7F29Hard,D112173D950AD96B0903BC085A9C07CDCFAC7F29Hard,
D1F62A2CC48925B51C0EAFC9B7C813573E7CFADAExpert,D1F62A2CC48925B51C0EAFC9B7C813573E7CFADAExpert,
D5C239EC62143ADD0053857B78165FD6E4B387F3Expert,D5C239EC62143ADD0053857B78165FD6E4B387F3Expert,
D5F214EFF7BE1C84DB75E6C89FD31FC97652D04AExpert+,D5F214EFF7BE1C84DB75E6C89FD31FC97652D04AExpert+,
D7174FD8AA1C94F915D272F9172EA3F42E454643Expert+,D7174FD8AA1C94F915D272F9172EA3F42E454643Expert+,
D9F8364A6D77C79E652ABCB6452B24D0FAA0C59CExpert+,D9F8364A6D77C79E652ABCB6452B24D0FAA0C59CExpert+,
E2C9DE36B484437F7427AE748E3F3CDD3B2C3BD6Expert+,E2C9DE36B484437F7427AE748E3F3CDD3B2C3BD6Expert+,
E54F82BA5BE9C5F773AB2DDF90FD20B69887D90FExpert+,E54F82BA5BE9C5F773AB2DDF90FD20B69887D90FExpert+,
E5F0E84D21BA49048B66E62A3A18DF307C1DCA65Expert+,E5F0E84D21BA49048B66E62A3A18DF307C1DCA65Expert+,
E7F3AB4CEA241D3762BA28713B7F6CA5F4E5A1B5Expert+,E7F3AB4CEA241D3762BA28713B7F6CA5F4E5A1B5Expert+,
EA55E256AE89AE72A60763CEB5379560B962773BExpert,EA55E256AE89AE72A60763CEB5379560B962773BExpert,
EC641F46E1AFE8809FDB7E4C3D72F0C4AC1D8783Expert+,EC641F46E1AFE8809FDB7E4C3D72F0C4AC1D8783Expert+,
ED430D72B59591377C10AF1D354F802F103FB432Expert,ED430D72B59591377C10AF1D354F802F103FB432Expert,
EED7FC6935A86B9AD1248107AE6B2F65D9DA7A1FExpert+,EED7FC6935A86B9AD1248107AE6B2F65D9DA7A1FExpert+,
F0C88FF23C027F687928CEDAA6EF6889B3B2E855Expert+,F0C88FF23C027F687928CEDAA6EF6889B3B2E855Expert+,
F0C88FF23C027F687928CEDAA6EF6889B3B2E855Expert,F0C88FF23C027F687928CEDAA6EF6889B3B2E855Expert,
F0DC0F52454584F716F99C0CA91892A7F897183DExpert+,F0DC0F52454584F716F99C0CA91892A7F897183DExpert+,
F1A07EA1135BAAB16914F31325D789BA87FEA53CExpert+,F1A07EA1135BAAB16914F31325D789BA87FEA53CExpert+,
F299DEE0BE7A2DCF68C28661EAEAAD05BB81B7C6Expert+,F299DEE0BE7A2DCF68C28661EAEAAD05BB81B7C6Expert+,
F4DA02BFEC50EFDE4F2A1E4B89251E654B9C7353Expert+,F4DA02BFEC50EFDE4F2A1E4B89251E654B9C7353Expert+,
F51107032366A868319CEB77CA4F56E1D1DB94BDExpert+,F51107032366A868319CEB77CA4F56E1D1DB94BDExpert+,
F51107032366A868319CEB77CA4F56E1D1DB94BDExpert,F51107032366A868319CEB77CA4F56E1D1DB94BDExpert,
F70A76FFA0F9958E10627650B17C253EABC8A895Expert+,F70A76FFA0F9958E10627650B17C253EABC8A895Expert+,
FD58B27E3EE2D176211C7F53D4A4122CC378AA6CExpert+,FD58B27E3EE2D176211C7F53D4A4122CC378AA6CExpert+,
FE0237BF0A35622D20A30C1F417CDB8F78A0805AExpert+,FE0237BF0A35622D20A30C1F417CDB8F78A0805AExpert+,
FEEB8DDD50438943062AD69D88545A9AF132B387Expert+,FEEB8DDD50438943062AD69D88545A9AF132B387Expert+,
FF0151FD1CF849A3FDFC99C8BA92B5BFA311F882Expert+,FF0151FD1CF849A3FDFC99C8BA92B5BFA311F882Expert+,
3EC20EA3672DB7BB738680B9DE1E2F0080D0A811Expert,3EC20EA3672DB7BB738680B9DE1E2F0080D0A811Expert,
3EC20EA3672DB7BB738680B9DE1E2F0080D0A811Expert+,3EC20EA3672DB7BB738680B9DE1E2F0080D0A811Expert+,
3DE687620B5722A9AA411AC6592D80E79537755BExpert,3DE687620B5722A9AA411AC6592D80E79537755BExpert,
3C425C93A76FEE7D9EDCFD0AB7B6EE6FB241A48DExpert+,3C425C93A76FEE7D9EDCFD0AB7B6EE6FB241A48DExpert+,
3B439C16DFC546EDC6B41A07B0DD33908986A087Expert+,3B439C16DFC546EDC6B41A07B0DD33908986A087Expert+,
39EA1C7F8ECF7F927E2ACD072378BC08C94F230AExpert,39EA1C7F8ECF7F927E2ACD072378BC08C94F230AExpert,
3751435792BEBC3901CF09ECFE434C095A6D81C1Hard,3751435792BEBC3901CF09ECFE434C095A6D81C1Hard,
3569841E50EBFB50246AADDFD0752CA6EC5C9C3DExpert+,3569841E50EBFB50246AADDFD0752CA6EC5C9C3DExpert+,
2F64D68C9690AAEB952A62D9370D1FAEC0DB5D4FExpert+,2F64D68C9690AAEB952A62D9370D1FAEC0DB5D4FExpert+,
2E887F6CD0FA896A890D2FB8D023A17DB47F0EA9Normal,2E887F6CD0FA896A890D2FB8D023A17DB47F0EA9Normal,
2E887F6CD0FA896A890D2FB8D023A17DB47F0EA9Hard,2E887F6CD0FA896A890D2FB8D023A17DB47F0EA9Hard,
2DC3F6DD835321190979FB6BF9D577D72E1902B3Expert+,2DC3F6DD835321190979FB6BF9D577D72E1902B3Expert+,
2A00290BE288273A84D3C73FC6CF34CD603B4B73Expert,2A00290BE288273A84D3C73FC6CF34CD603B4B73Expert,
290A3AB41D726001528ECD986009B60E230B5E39Expert+,290A3AB41D726001528ECD986009B60E230B5E39Expert+,
28ABB0BB8BDB7C7AF3E18D11DBDAA40E56F779C1Expert+,28ABB0BB8BDB7C7AF3E18D11DBDAA40E56F779C1Expert+,
28547D0245F0FEF153A5F4C96BB3B4F91A9D0AB8Expert,28547D0245F0FEF153A5F4C96BB3B4F91A9D0AB8Expert,
2689EE1E1AC4AFFAF303F87DE853FCA887BF5D7EExpert,2689EE1E1AC4AFFAF303F87DE853FCA887BF5D7EExpert,
25F76A04677F383F2C5753FCDF6BB8581572311EHard,25F76A04677F383F2C5753FCDF6BB8581572311EHard,
25F76A04677F383F2C5753FCDF6BB8581572311EExpert,25F76A04677F383F2C5753FCDF6BB8581572311EExpert,
247E7CD970F32FAFD9A14DE4904EE20EF19EA745Expert,247E7CD970F32FAFD9A14DE4904EE20EF19EA745Expert,
247E7CD970F32FAFD9A14DE4904EE20EF19EA745Expert+,247E7CD970F32FAFD9A14DE4904EE20EF19EA745Expert+,
21A989606D52EDF96B2971DBEDE366B1D0523088Hard,21A989606D52EDF96B2971DBEDE366B1D0523088Hard,
20003569447E4024720FD3FBB32CE5183EC06D31Expert,20003569447E4024720FD3FBB32CE5183EC06D31Expert,
20003569447E4024720FD3FBB32CE5183EC06D31Expert+,20003569447E4024720FD3FBB32CE5183EC06D31Expert+,
1F2C515A368E073F6BC1F50DF8264EC4B863466EExpert+,1F2C515A368E073F6BC1F50DF8264EC4B863466EExpert+,
1EBB6C788C2C6C5B55F0D7C62092575DC3C4946FHard,1EBB6C788C2C6C5B55F0D7C62092575DC3C4946FHard,
1D2D3124FC2EA8E4F3CC0C292C9E6417A49C6B8BExpert,1D2D3124FC2EA8E4F3CC0C292C9E6417A49C6B8BExpert,
1D2D3124FC2EA8E4F3CC0C292C9E6417A49C6B8BExpert+,1D2D3124FC2EA8E4F3CC0C292C9E6417A49C6B8BExpert+,
1CDCCEEC6F4710A7ED10C7385BA71FEEED41A566Expert+,1CDCCEEC6F4710A7ED10C7385BA71FEEED41A566Expert+,
1AB633C075210C9AEABDBECA34843D88AE4714E0Expert,1AB633C075210C9AEABDBECA34843D88AE4714E0Expert,
1AB20B0407C65A650AA53EA2A6A0B6CB9D670D59Expert+,1AB20B0407C65A650AA53EA2A6A0B6CB9D670D59Expert+,
19AF73336A1C2FE788FF3DF0D93DB6E0BEAA0640Expert+,19AF73336A1C2FE788FF3DF0D93DB6E0BEAA0640Expert+,
18B195F582B284389AE935EE4CFCC34FF342C137Expert,18B195F582B284389AE935EE4CFCC34FF342C137Expert,
16A457C5CEEB408ADEEACEA53CE31D2EA493647EExpert,16A457C5CEEB408ADEEACEA53CE31D2EA493647EExpert,
16A457C5CEEB408ADEEACEA53CE31D2EA493647EExpert+,16A457C5CEEB408ADEEACEA53CE31D2EA493647EExpert+,
157E0DB010B9EAFDD0A4673F89D89C33EEEE794BExpert,157E0DB010B9EAFDD0A4673F89D89C33EEEE794BExpert,
12E3EC0E91CF5956ED61CD0C5BE4E484801F9618Expert,12E3EC0E91CF5956ED61CD0C5BE4E484801F9618Expert,
12E3EC0E91CF5956ED61CD0C5BE4E484801F9618Expert+,12E3EC0E91CF5956ED61CD0C5BE4E484801F9618Expert+,
1209AA9835B057B2BD169EC0C3E9D4C7DE27B4DAHard,1209AA9835B057B2BD169EC0C3E9D4C7DE27B4DAHard,
1209AA9835B057B2BD169EC0C3E9D4C7DE27B4DAExpert,1209AA9835B057B2BD169EC0C3E9D4C7DE27B4DAExpert,
117FC264C21452ADDDBB9E04B57EBAFC36D9376EExpert+,117FC264C21452ADDDBB9E04B57EBAFC36D9376EExpert+,
0CAC133F16A319DE4788AD5F27002994E120D818Hard,0CAC133F16A319DE4788AD5F27002994E120D818Hard,
0CAC133F16A319DE4788AD5F27002994E120D818Expert,0CAC133F16A319DE4788AD5F27002994E120D818Expert,
0BB0D5B03D0FDBA8B7CF881694EF701D38B875FAExpert+,0BB0D5B03D0FDBA8B7CF881694EF701D38B875FAExpert+,
0B71BA47DEEF78A55C5709058ABDB9B0849486F7Expert,0B71BA47DEEF78A55C5709058ABDB9B0849486F7Expert,
06DDBE99BC8AF1EC819CE1A6D5F4760C9EDE6697Expert+,06DDBE99BC8AF1EC819CE1A6D5F4760C9EDE6697Expert+,
04B4DFC0D8F8C7C427F620AE8E6411CD889FEEEAExpert+,04B4DFC0D8F8C7C427F620AE8E6411CD889FEEEAExpert+,
4000546C46A9E28036E788704D235E7CFF56225CExpert,4000546C46A9E28036E788704D235E7CFF56225CExpert,
403FE120B764A47A4A129F45A27541F4B00DCE90Expert,403FE120B764A47A4A129F45A27541F4B00DCE90Expert,
4329FFDDEDF37EFA45006FAEFFC480D41525334DExpert+,4329FFDDEDF37EFA45006FAEFFC480D41525334DExpert+,
435F2461AA0F4347D55944F2FFE39F9A68D6D030Hard,435F2461AA0F4347D55944F2FFE39F9A68D6D030Hard,
4529498DAB9D920C1E7A3BA46507B677655B3AD7Expert+,4529498DAB9D920C1E7A3BA46507B677655B3AD7Expert+,
4636E2C0FBCC6C118EDF6FDE61EF07EAA87EEEDFExpert,4636E2C0FBCC6C118EDF6FDE61EF07EAA87EEEDFExpert,
463D142CFF785702A3BFC7CD511AE84DB2DB68E8Expert,463D142CFF785702A3BFC7CD511AE84DB2DB68E8Expert,
468E2618A69BCC772CB2095C1CD843D7537D0F0CExpert,468E2618A69BCC772CB2095C1CD843D7537D0F0CExpert,
47BCC7380AF03BFBEA6A3A46C71F8317CC332EE5Expert+,47BCC7380AF03BFBEA6A3A46C71F8317CC332EE5Expert+,
4C9BE2EE9CABB12A7D0E9D2DC68CE9D5C2A6DAFBExpert+,4C9BE2EE9CABB12A7D0E9D2DC68CE9D5C2A6DAFBExpert+,
4C9BE2EE9CABB12A7D0E9D2DC68CE9D5C2A6DAFBExpert,4C9BE2EE9CABB12A7D0E9D2DC68CE9D5C2A6DAFBExpert,
50D3F8302337C1E9812EB1C0A0AADF87E1B0FF82Hard,50D3F8302337C1E9812EB1C0A0AADF87E1B0FF82Hard,
547C91EEC37C6FB000F9A037EE10AFC6F4712D6CExpert+,547C91EEC37C6FB000F9A037EE10AFC6F4712D6CExpert+,
56617C820776AE2DED07909464CBF1FEFA00375EExpert,56617C820776AE2DED07909464CBF1FEFA00375EExpert,
59B5445E569B55FDBD72FECC035607D3CEB7E9F1Normal,59B5445E569B55FDBD72FECC035607D3CEB7E9F1Normal,
5A79F235519F17323538CB9F9730C9040C89E5DEExpert,5A79F235519F17323538CB9F9730C9040C89E5DEExpert,
5E51E3CAC6B1DC3376F776F6E6B961B754FF9CC4Expert+,5E51E3CAC6B1DC3376F776F6E6B961B754FF9CC4Expert+,
60D472D8E938A316E72F831BE444CCF578B4DCEAExpert+,60D472D8E938A316E72F831BE444CCF578B4DCEAExpert+,
60D472D8E938A316E72F831BE444CCF578B4DCEAExpert,60D472D8E938A316E72F831BE444CCF578B4DCEAExpert,
6219C4306E833E7FA1E01B0ED4DBCBBA69318D39Expert+,6219C4306E833E7FA1E01B0ED4DBCBBA69318D39Expert+,
64B81F99B76742B3C70EAC3BDA4230ED55E0D2ADHard,64B81F99B76742B3C70EAC3BDA4230ED55E0D2ADHard,
651F82B3849E4E37F7CFDDCD9209A4E506B2982EExpert,651F82B3849E4E37F7CFDDCD9209A4E506B2982EExpert,
68B26B53BC3E1B5999770DB7B6C4358251717521Expert+,68B26B53BC3E1B5999770DB7B6C4358251717521Expert+,
6A2FF77680750D8A119DB1E75E75DD777C40249EExpert+,6A2FF77680750D8A119DB1E75E75DD777C40249EExpert+,
6B571C3594426B088E73FDB12C1E81DDB9076631Expert+,6B571C3594426B088E73FDB12C1E81DDB9076631Expert+,
6F95B1ECBB5861B68BDEB6951EE3D5D1680AA8B3Expert+,6F95B1ECBB5861B68BDEB6951EE3D5D1680AA8B3Expert+,
701587CE2D1E502F8352C3CFD0627C1844B0FF0AExpert,701587CE2D1E502F8352C3CFD0627C1844B0FF0AExpert,
750F50BE79CBFB01ECDE329E80FD4CFF075E3150Expert+,750F50BE79CBFB01ECDE329E80FD4CFF075E3150Expert+,
770F96C0D16CA15FA7ABF3852FE9633A6F300991Expert,770F96C0D16CA15FA7ABF3852FE9633A6F300991Expert,
7A4CDD84F4752F88A7A99414E5959393EC539918Expert+,7A4CDD84F4752F88A7A99414E5959393EC539918Expert+,
7ACE8EEE8E217A00A895AA7D12977CBC9AC0CDC5Expert+,7ACE8EEE8E217A00A895AA7D12977CBC9AC0CDC5Expert+,
7ACE8EEE8E217A00A895AA7D12977CBC9AC0CDC5Hard,7ACE8EEE8E217A00A895AA7D12977CBC9AC0CDC5Hard,
7B9DAB9DDAD1BD3234C1E12D83E6BC2D4A48EC5BExpert+,7B9DAB9DDAD1BD3234C1E12D83E6BC2D4A48EC5BExpert+,
7C0DDC059DC720D7AD1EFA93C0E448BCCAA5B877Expert,7C0DDC059DC720D7AD1EFA93C0E448BCCAA5B877Expert,
7E42EC811C5948B413C728B52129D31B69B906E7Expert,7E42EC811C5948B413C728B52129D31B69B906E7Expert,
805220F74ECB8FFFD9930ABCF4AB601E90E5751EExpert,805220F74ECB8FFFD9930ABCF4AB601E90E5751EExpert,
82CA68301C9D1B346A5A4A40D647E1A8E7CB9325Expert+,82CA68301C9D1B346A5A4A40D647E1A8E7CB9325Expert+,
84EFFC8F967F9BAEDB1C1F17910D47274C175173Expert,84EFFC8F967F9BAEDB1C1F17910D47274C175173Expert,
85F2204FE701F2E88AAF29331009446687A9BCB6Expert+,85F2204FE701F2E88AAF29331009446687A9BCB6Expert+,
85F2204FE701F2E88AAF29331009446687A9BCB6Expert,85F2204FE701F2E88AAF29331009446687A9BCB6Expert,
8A952D18D0DD2CB04E8A8E7E027C1E28B1FA478AExpert+,8A952D18D0DD2CB04E8A8E7E027C1E28B1FA478AExpert+,
8F10B2BE69553767C075EBACE4A03EF8C9AB53BDExpert+,8F10B2BE69553767C075EBACE4A03EF8C9AB53BDExpert+,
9055198167622A1BAE4F58C5E2F3F093F98A264CExpert+,9055198167622A1BAE4F58C5E2F3F093F98A264CExpert+,
91288CA5FCDA1AF6C36623EF260291F64FEEDA93Expert+,91288CA5FCDA1AF6C36623EF260291F64FEEDA93Expert+,
91D7A2BD6068A7E647492195C5A2A074796EE801Expert+,91D7A2BD6068A7E647492195C5A2A074796EE801Expert+,
97E1B67ED8641899E89DE59603D97D89DAE770D7Expert+,97E1B67ED8641899E89DE59603D97D89DAE770D7Expert+,
97E1B67ED8641899E89DE59603D97D89DAE770D7Expert,97E1B67ED8641899E89DE59603D97D89DAE770D7Expert,
982D3905470C6755B49F72238603A5B33DE56B38Expert+,982D3905470C6755B49F72238603A5B33DE56B38Expert+,
9C979ACB7109617FD3DBFEDC7F637252EBE30E19Expert+,9C979ACB7109617FD3DBFEDC7F637252EBE30E19Expert+,
9F783CE7F810062852795F4CBDF8335245FD044AExpert+,9F783CE7F810062852795F4CBDF8335245FD044AExpert+,
A2CF988E3BD236A76ACED9034085910D87A5A24BExpert+,A2CF988E3BD236A76ACED9034085910D87A5A24BExpert+,
A2CF988E3BD236A76ACED9034085910D87A5A24BExpert,A2CF988E3BD236A76ACED9034085910D87A5A24BExpert,
A2CF988E3BD236A76ACED9034085910D87A5A24BHard,A2CF988E3BD236A76ACED9034085910D87A5A24BHard,
A2CF988E3BD236A76ACED9034085910D87A5A24BNormal,A2CF988E3BD236A76ACED9034085910D87A5A24BNormal,
A2CF9B16427E8E764133D93A004869EC07F6748BExpert+,A2CF9B16427E8E764133D93A004869EC07F6748BExpert+,
A3E5691076181E88776A41E9FF112D3C33576782Expert,A3E5691076181E88776A41E9FF112D3C33576782Expert,
A949BB798E16A81092E54A38B78EB1375F06E49FExpert+,A949BB798E16A81092E54A38B78EB1375F06E49FExpert+,
A949BB798E16A81092E54A38B78EB1375F06E49FExpert,A949BB798E16A81092E54A38B78EB1375F06E49FExpert,
A949BB798E16A81092E54A38B78EB1375F06E49FHard,A949BB798E16A81092E54A38B78EB1375F06E49FHard,
AA31DCD3F9DA483793922D24F210944178B6CBC2Expert+,AA31DCD3F9DA483793922D24F210944178B6CBC2Expert+,
AA31DCD3F9DA483793922D24F210944178B6CBC2Expert,AA31DCD3F9DA483793922D24F210944178B6CBC2Expert,
AABB370D94A909AECACC7DE4AF92E9A05861820DExpert,AABB370D94A909AECACC7DE4AF92E9A05861820DExpert,
AABB370D94A909AECACC7DE4AF92E9A05861820DHard,AABB370D94A909AECACC7DE4AF92E9A05861820DHard,
B02DA0A01D4B9E41012327DEF8A28E5B95DDEDD9Expert+,B02DA0A01D4B9E41012327DEF8A28E5B95DDEDD9Expert+,
B14314329BE9676417448404A59619E3CE9EBE48Expert+,B14314329BE9676417448404A59619E3CE9EBE48Expert+,
B14314329BE9676417448404A59619E3CE9EBE48Hard,B14314329BE9676417448404A59619E3CE9EBE48Hard,
B3B8864657542CEDE63B3ED89514187DD3653588Expert,B3B8864657542CEDE63B3ED89514187DD3653588Expert,
B4B6CAD8A29458FA9FBBA1394790CD1387E0DC87Expert+,B4B6CAD8A29458FA9FBBA1394790CD1387E0DC87Expert+,
B736B0AA8465561A42C46672FE39AC95F8E413E3Expert+,B736B0AA8465561A42C46672FE39AC95F8E413E3Expert+,
BB6C14D91C6DAA1B31A44D54487231587E573D6FExpert,BB6C14D91C6DAA1B31A44D54487231587E573D6FExpert,
BC1EC36D7A78658C0870FB9529F848C034A3D43EExpert,BC1EC36D7A78658C0870FB9529F848C034A3D43EExpert,
BC8E2895E7A25A8F3FB0C87BF76C6EB09DC44E84Expert,BC8E2895E7A25A8F3FB0C87BF76C6EB09DC44E84Expert,
BDE6A1F8FC7008247443CF3F810BBD8E910DD839Expert+,BDE6A1F8FC7008247443CF3F810BBD8E910DD839Expert+,
BDE6A1F8FC7008247443CF3F810BBD8E910DD839Expert,BDE6A1F8FC7008247443CF3F810BBD8E910DD839Expert,
C9A196AD1EB7A88E26FBC69D8FC79F4276DD5A7EExpert+,C9A196AD1EB7A88E26FBC69D8FC79F4276DD5A7EExpert+,
CAAD877634E4F483CAAF701D1D103BA8D692BD74Hard,CAAD877634E4F483CAAF701D1D103BA8D692BD74Hard,
CD8960DBA038D58784817B3C55D90863FA08ADA9Expert,CD8960DBA038D58784817B3C55D90863FA08ADA9Expert,
D0236D2C8D43BDE7AF15060A7EB052494FECAFC4Expert,D0236D2C8D43BDE7AF15060A7EB052494FECAFC4Expert,
D3F02835374ADD876D7E331ED4222AEC1BA0455DExpert+,D3F02835374ADD876D7E331ED4222AEC1BA0455DExpert+,
D4CEDB0FC434789F3A88994CBF20D8389F891FCCExpert+,D4CEDB0FC434789F3A88994CBF20D8389F891FCCExpert+,
D74580054A2CC8215947567C0B3721BB3663079EExpert+,D74580054A2CC8215947567C0B3721BB3663079EExpert+,
D74580054A2CC8215947567C0B3721BB3663079EExpert,D74580054A2CC8215947567C0B3721BB3663079EExpert,
DD868B8675B3366C37C91305336CD1793E8FC093Expert,DD868B8675B3366C37C91305336CD1793E8FC093Expert,
E1E026D655747FC75D29BF46CD91EFD109C8ECCAExpert,E1E026D655747FC75D29BF46CD91EFD109C8ECCAExpert,
E2B73E6BC2420C5D2A5D536ADD7B97072BF5CEC4Expert+,E2B73E6BC2420C5D2A5D536ADD7B97072BF5CEC4Expert+,
E2C9DE36B484437F7427AE748E3F3CDD3B2C3BD6Expert,E2C9DE36B484437F7427AE748E3F3CDD3B2C3BD6Expert,
E5D18576630941A62F199C1CBAB3CA4F869A7416Hard,E5D18576630941A62F199C1CBAB3CA4F869A7416Hard,
E5F0E84D21BA49048B66E62A3A18DF307C1DCA65Expert,E5F0E84D21BA49048B66E62A3A18DF307C1DCA65Expert,
E80ADF683AED066F94BBBA3E49162D7D0D7247B4Expert+,E80ADF683AED066F94BBBA3E49162D7D0D7247B4Expert+,
E95E27664221B820F3B060029BAFDC1B66719F36Expert+,E95E27664221B820F3B060029BAFDC1B66719F36Expert+,
EB650896E07F1F38617B77B980CAFDAFDC7872E7Expert,EB650896E07F1F38617B77B980CAFDAFDC7872E7Expert,
F21E5A3AA63D18911BB20C27EA2D320134223D93Expert+,F21E5A3AA63D18911BB20C27EA2D320134223D93Expert+,
F2444F0BFFB7D2BAB08EB5C457F7A0F53E1E2985Expert+,F2444F0BFFB7D2BAB08EB5C457F7A0F53E1E2985Expert+,
F402008042EFACA4291A6633EBB6B562E4ADCD87Expert,F402008042EFACA4291A6633EBB6B562E4ADCD87Expert,
F4DA02BFEC50EFDE4F2A1E4B89251E654B9C7353Expert,F4DA02BFEC50EFDE4F2A1E4B89251E654B9C7353Expert,
F6DC653A9FED9EEDF12C55163E508FDE404736B7Expert+,F6DC653A9FED9EEDF12C55163E508FDE404736B7Expert+,
F897EBEED22C678F9758EABEFB9E9C032A8E371CExpert+,F897EBEED22C678F9758EABEFB9E9C032A8E371CExpert+,
FA192E625113CB73FBA2983679F72628048756D7Expert+,FA192E625113CB73FBA2983679F72628048756D7Expert+,
FA3705ABAC06D9DF2AC533C210F8C3D671D5BA2DHard,FA3705ABAC06D9DF2AC533C210F8C3D671D5BA2DHard,
FA6576F2CD906BA1A38C3AE887428C549299CDD6Expert+,FA6576F2CD906BA1A38C3AE887428C549299CDD6Expert+,
FAAF10021BD1CEC27E6E2A70DD19C9E1CDF2AC78Expert,FAAF10021BD1CEC27E6E2A70DD19C9E1CDF2AC78Expert,
FDCF6854379007B211B5B62919F907F8D3A53FFFHard,FDCF6854379007B211B5B62919F907F8D3A53FFFHard,
FF4BB1DF4D36EDDE892DA375FE60EA34FEF8B7A0Expert+,FF4BB1DF4D36EDDE892DA375FE60EA34FEF8B7A0Expert+,
FF4BB1DF4D36EDDE892DA375FE60EA34FEF8B7A0Expert,FF4BB1DF4D36EDDE892DA375FE60EA34FEF8B7A0Expert,
